notion_user_name,notion_user_id,email,pushed_repos,tg_chat_id
Fake User 1,fake-id-1,fake_user_1@example.test,abu;rajah,
Fake User 2,fake-id-2,fake_user_2@example.test,abu;rajah,
Fake User 3,fake-id-3,fake_user_3@example.test,abu;rajah,
Fake User 4,fake-id-4,fake_user_4@example.test,abu;rajah,
Fake User 5,fake-id-5,fake_user_5@example.test,abu;rajah,
Fake User 6,fake-id-6,fake_user_6@example.test,abu;rajah,
Fake User 7,fake-id-7,fake_user_7@example.test,abu;rajah,
Fake User 8,fake-id-8,fake_user_8@example.test,abu;rajah,
Fake User 9,fake-id-9,fake_user_9@example.test,abu;rajah,
Fake User 10,fake-id-10,fake_user_10@example.test,abu;rajah,
Fake User 11,fake-id-11,fake_user_11@example.test,abu;rajah,
Fake User 12,fake-id-12,fake_user_12@example.test,abu;rajah,
Fake User 13,fake-id-13,fake_user_13@example.test,abu;rajah,
Fake User 14,fake-id-14,fake_user_14@example.test,abu;rajah,
Fake User 15,fake-id-15,fake_user_15@example.test,abu;rajah,
Fake User 16,fake-id-16,fake_user_16@example.test,abu;rajah,
Fake User 17,fake-id-17,fake_user_17@example.test,abu;rajah,
Fake User 18,fake-id-18,fake_user_18@example.test,abu;rajah,
Fake User 19,fake-id-19,fake_user_19@example.test,abu;rajah,
Fake User 20,fake-id-20,fake_user_20@example.test,abu;rajah,
Fake User 21,fake-id-21,fake_user_21@example.test,abu;rajah,
Fake User 22,fake-id-22,fake_user_22@example.test,abu;rajah,
Fake User 23,fake-id-23,fake_user_23@example.test,abu;rajah,
Fake User 24,fake-id-24,fake_user_24@example.test,abu;rajah,
Fake User 25,fake-id-25,fake_user_25@example.test,abu;rajah,
Fake User 26,fake-id-26,fake_user_26@example.test,abu;rajah,
Fake User 27,fake-id-27,fake_user_27@example.test,abu;rajah,
Fake User 28,fake-id-28,fake_user_28@example.test,abu;rajah,
Fake User 29,fake-id-29,fake_user_29@example.test,abu;rajah,
Fake User 30,fake-id-30,fake_user_30@example.test,abu;rajah,
Fake User 31,fake-id-31,fake_user_31@example.test,abu;rajah,
Fake User 32,fake-id-32,fake_user_32@example.test,abu;rajah,600000032
Fake User 33,fake-id-33,fake_user_33@example.test,abu;rajah,600000033
Fake User 34,fake-id-34,fake_user_34@example.test,abu;rajah,600000034
Fake User 35,fake-id-35,fake_user_35@example.test,abu;rajah,600000035
Fake User 36,fake-id-36,fake_user_36@example.test,abu;rajah,600000036
Fake User 37,fake-id-37,fake_user_37@example.test,abu;rajah,600000037
Fake User 38,fake-id-38,fake_user_38@example.test,abu;rajah,600000038
Fake User 39,fake-id-39,fake_user_39@example.test,abu;rajah,600000039
Fake User 40,fake-id-40,fake_user_40@example.test,abu;rajah,600000040
Fake User 41,fake-id-41,fake_user_41@example.test,abu;rajah,600000041
Fake User 42,fake-id-42,fake_user_42@example.test,abu;rajah,600000042
Fake User 43,fake-id-43,fake_user_43@example.test,abu;rajah,600000043
Fake User 44,fake-id-44,fake_user_44@example.test,abu;rajah,600000044
Fake User 45,fake-id-45,fake_user_45@example.test,abu;rajah,600000045
Fake User 46,fake-id-46,fake_user_46@example.test,abu;rajah,600000046
Fake User 47,fake-id-47,fake_user_47@example.test,abu;rajah,600000047
Fake User 48,fake-id-48,fake_user_48@example.test,abu;rajah,600000048
Fake User 49,fake-id-49,fake_user_49@example.test,abu;rajah,600000049
